{
  "alpha_1": 1.0000230261160268,
  "alpha_2": 1.0,
  "lambda_1": 1.0,
  "lambda_2": 1.0000230261160268
}